"Time","avg(udp_tracker_server_performance_avg_processing_time_ns{job=""tracker_metrics"", request_kind=""announce"", server_binding_address_ip_family=""inet""})"
2026-01-13 12:20:00,23.6 µs
2026-01-13 12:40:00,23.6 µs
2026-01-13 13:00:00,23.6 µs
2026-01-13 13:20:00,23.6 µs
2026-01-13 13:40:00,23.6 µs
2026-01-13 14:00:00,23.6 µs
2026-01-13 14:20:00,23.6 µs
2026-01-13 14:40:00,23.6 µs
2026-01-13 15:00:00,23.6 µs
2026-01-13 15:20:00,23.6 µs
2026-01-13 15:40:00,23.6 µs
2026-01-13 16:00:00,23.6 µs
2026-01-13 16:20:00,23.6 µs
2026-01-13 16:40:00,23.6 µs
2026-01-13 17:00:00,23.6 µs
2026-01-13 17:20:00,23.6 µs
2026-01-13 17:40:00,23.6 µs
2026-01-13 18:00:00,23.6 µs
2026-01-13 18:20:00,23.6 µs
2026-01-13 18:40:00,23.6 µs
2026-01-13 19:00:00,23.6 µs
2026-01-13 19:20:00,23.6 µs
2026-01-13 19:40:00,23.6 µs
2026-01-13 20:00:00,23.6 µs
2026-01-13 20:20:00,23.6 µs
2026-01-13 20:40:00,23.6 µs
2026-01-13 21:00:00,23.6 µs
2026-01-13 21:20:00,23.6 µs
2026-01-13 21:40:00,23.6 µs
2026-01-13 22:00:00,23.6 µs
2026-01-13 22:20:00,23.6 µs
2026-01-13 22:40:00,23.6 µs
2026-01-13 23:00:00,23.6 µs
2026-01-13 23:20:00,23.6 µs
2026-01-13 23:40:00,23.6 µs
2026-01-14 00:00:00,23.6 µs
2026-01-14 00:20:00,23.6 µs
2026-01-14 00:40:00,23.6 µs
2026-01-14 01:00:00,23.6 µs
2026-01-14 01:20:00,23.6 µs
2026-01-14 01:40:00,23.6 µs
2026-01-14 02:00:00,23.6 µs
2026-01-14 02:20:00,23.6 µs
2026-01-14 02:40:00,23.6 µs
2026-01-14 03:00:00,23.6 µs
2026-01-14 03:20:00,23.6 µs
2026-01-14 03:40:00,23.6 µs
2026-01-14 04:00:00,23.6 µs
2026-01-14 04:20:00,23.6 µs
2026-01-14 04:40:00,23.6 µs
2026-01-14 05:00:00,23.6 µs
2026-01-14 05:20:00,23.6 µs
2026-01-14 05:40:00,23.6 µs
2026-01-14 06:00:00,23.6 µs
2026-01-14 06:20:00,23.6 µs
2026-01-14 06:40:00,23.6 µs
2026-01-14 07:00:00,23.6 µs
2026-01-14 07:20:00,23.6 µs
2026-01-14 07:40:00,23.6 µs
2026-01-14 08:00:00,23.6 µs
2026-01-14 08:20:00,23.6 µs
2026-01-14 08:40:00,23.6 µs
2026-01-14 09:00:00,23.6 µs
2026-01-14 09:20:00,23.6 µs
2026-01-14 09:40:00,23.6 µs
2026-01-14 10:00:00,23.6 µs
2026-01-14 10:20:00,23.6 µs
2026-01-14 10:40:00,23.6 µs
2026-01-14 11:00:00,23.6 µs
2026-01-14 11:20:00,23.6 µs
2026-01-14 11:40:00,23.6 µs
2026-01-14 12:00:00,23.6 µs
2026-01-14 12:20:00,23.6 µs
2026-01-14 12:40:00,23.6 µs
2026-01-14 13:00:00,23.6 µs
2026-01-14 13:20:00,23.6 µs
2026-01-14 13:40:00,23.6 µs
2026-01-14 14:00:00,23.6 µs
2026-01-14 14:20:00,23.6 µs
2026-01-14 14:40:00,23.6 µs
2026-01-14 15:00:00,23.6 µs
2026-01-14 15:20:00,23.6 µs
2026-01-14 15:40:00,23.6 µs
2026-01-14 16:00:00,23.6 µs
2026-01-14 16:20:00,23.6 µs
2026-01-14 16:40:00,23.6 µs
2026-01-14 17:00:00,23.6 µs
2026-01-14 17:20:00,23.6 µs
2026-01-14 17:40:00,23.6 µs
2026-01-14 18:00:00,23.6 µs
2026-01-14 18:20:00,23.6 µs
2026-01-14 18:40:00,23.6 µs
2026-01-14 19:00:00,23.6 µs
2026-01-14 19:20:00,23.6 µs
2026-01-14 19:40:00,23.6 µs
2026-01-14 20:00:00,23.6 µs
2026-01-14 20:20:00,23.6 µs
2026-01-14 20:40:00,23.6 µs
2026-01-14 21:00:00,23.6 µs
2026-01-14 21:20:00,23.6 µs
2026-01-14 21:40:00,23.6 µs
2026-01-14 22:00:00,23.6 µs
2026-01-14 22:20:00,23.6 µs
2026-01-14 22:40:00,23.6 µs
2026-01-14 23:00:00,23.6 µs
2026-01-14 23:20:00,23.6 µs
2026-01-14 23:40:00,23.6 µs
2026-01-15 00:00:00,23.6 µs
2026-01-15 00:20:00,23.6 µs
2026-01-15 00:40:00,23.6 µs
2026-01-15 01:00:00,23.6 µs
2026-01-15 01:20:00,23.6 µs
2026-01-15 01:40:00,23.6 µs
2026-01-15 02:00:00,23.6 µs
2026-01-15 02:20:00,23.6 µs
2026-01-15 02:40:00,23.6 µs
2026-01-15 03:00:00,23.6 µs
2026-01-15 03:20:00,23.6 µs
2026-01-15 03:40:00,23.6 µs
2026-01-15 04:00:00,23.6 µs
2026-01-15 04:20:00,23.6 µs
2026-01-15 04:40:00,23.6 µs
2026-01-15 05:00:00,23.6 µs
2026-01-15 05:20:00,23.6 µs
2026-01-15 05:40:00,23.6 µs
2026-01-15 06:00:00,23.6 µs
2026-01-15 06:20:00,23.6 µs
2026-01-15 06:40:00,23.6 µs
2026-01-15 07:00:00,23.6 µs
2026-01-15 07:20:00,23.6 µs
2026-01-15 07:40:00,23.6 µs
2026-01-15 08:00:00,23.6 µs
2026-01-15 08:20:00,23.6 µs
2026-01-15 08:40:00,23.6 µs
2026-01-15 09:00:00,23.6 µs
2026-01-15 09:20:00,23.6 µs
2026-01-15 09:40:00,23.6 µs
2026-01-15 10:00:00,23.6 µs
2026-01-15 10:20:00,23.6 µs
2026-01-15 10:40:00,23.6 µs
2026-01-15 11:00:00,23.6 µs
2026-01-15 11:20:00,23.6 µs
2026-01-15 11:40:00,23.6 µs
2026-01-15 12:00:00,23.6 µs
2026-01-15 12:20:00,23.6 µs
2026-01-15 12:40:00,23.6 µs
2026-01-15 13:00:00,23.6 µs
2026-01-15 13:20:00,23.6 µs
2026-01-15 13:40:00,23.6 µs
2026-01-15 14:00:00,23.6 µs
2026-01-15 14:20:00,23.6 µs
2026-01-15 14:40:00,23.6 µs
2026-01-15 15:00:00,23.6 µs
2026-01-15 15:20:00,23.6 µs
2026-01-15 15:40:00,23.6 µs
2026-01-15 16:00:00,23.6 µs
2026-01-15 16:20:00,23.6 µs
2026-01-15 16:40:00,23.6 µs
2026-01-15 17:00:00,23.6 µs
2026-01-15 17:20:00,23.6 µs
2026-01-15 17:40:00,23.6 µs
2026-01-15 18:00:00,23.6 µs
2026-01-15 18:20:00,23.6 µs
2026-01-15 18:40:00,23.6 µs
2026-01-15 19:00:00,23.6 µs
2026-01-15 19:20:00,23.6 µs
2026-01-15 19:40:00,23.6 µs
2026-01-15 20:00:00,23.6 µs
2026-01-15 20:20:00,23.6 µs
2026-01-15 20:40:00,23.6 µs
2026-01-15 21:00:00,23.6 µs
2026-01-15 21:20:00,23.6 µs
2026-01-15 21:40:00,23.6 µs
2026-01-15 22:00:00,23.6 µs
2026-01-15 22:20:00,23.6 µs
2026-01-15 22:40:00,23.6 µs
2026-01-15 23:00:00,23.6 µs
2026-01-15 23:20:00,23.6 µs
2026-01-15 23:40:00,23.6 µs
2026-01-16 00:00:00,23.6 µs
2026-01-16 00:20:00,23.6 µs
2026-01-16 00:40:00,23.6 µs
2026-01-16 01:00:00,23.6 µs
2026-01-16 01:20:00,23.6 µs
2026-01-16 01:40:00,23.6 µs
2026-01-16 02:00:00,23.6 µs
2026-01-16 02:20:00,23.6 µs
2026-01-16 02:40:00,23.6 µs
2026-01-16 03:00:00,23.6 µs
2026-01-16 03:20:00,23.6 µs
2026-01-16 03:40:00,23.6 µs
2026-01-16 04:00:00,23.6 µs
2026-01-16 04:20:00,23.6 µs
2026-01-16 04:40:00,23.6 µs
2026-01-16 05:00:00,23.6 µs
2026-01-16 05:20:00,23.6 µs
2026-01-16 05:40:00,23.6 µs
2026-01-16 06:00:00,23.6 µs
2026-01-16 06:20:00,23.6 µs
2026-01-16 06:40:00,23.6 µs
2026-01-16 07:00:00,23.6 µs
2026-01-16 07:20:00,23.6 µs
2026-01-16 07:40:00,23.6 µs
2026-01-16 08:00:00,23.6 µs
2026-01-16 08:20:00,23.6 µs
2026-01-16 08:40:00,23.6 µs
2026-01-16 09:00:00,23.6 µs
2026-01-16 09:20:00,23.6 µs
2026-01-16 09:40:00,23.6 µs
2026-01-16 10:00:00,23.6 µs
2026-01-16 10:20:00,23.6 µs
2026-01-16 10:40:00,23.6 µs
2026-01-16 11:00:00,23.6 µs
2026-01-16 11:20:00,23.6 µs
2026-01-16 11:40:00,23.6 µs
2026-01-16 12:00:00,23.6 µs
2026-01-16 12:20:00,23.6 µs
2026-01-16 12:40:00,23.6 µs
2026-01-16 13:00:00,23.6 µs
2026-01-16 13:20:00,23.6 µs
2026-01-16 13:40:00,23.6 µs
2026-01-16 14:00:00,23.6 µs
2026-01-16 14:20:00,23.6 µs
2026-01-16 14:40:00,23.6 µs
2026-01-16 15:00:00,23.6 µs
2026-01-16 15:20:00,23.6 µs
2026-01-16 15:40:00,23.6 µs
2026-01-16 16:00:00,23.6 µs
2026-01-16 16:20:00,23.6 µs
2026-01-16 16:40:00,23.6 µs
2026-01-16 17:00:00,23.6 µs
2026-01-16 17:20:00,23.6 µs
2026-01-16 17:40:00,23.6 µs
2026-01-16 18:00:00,23.6 µs
2026-01-16 18:20:00,23.6 µs
2026-01-16 18:40:00,23.6 µs
2026-01-16 19:00:00,23.6 µs
2026-01-16 19:20:00,23.6 µs
2026-01-16 19:40:00,23.6 µs
2026-01-16 20:00:00,23.6 µs
2026-01-16 20:20:00,23.6 µs
2026-01-16 20:40:00,23.6 µs
2026-01-16 21:00:00,23.6 µs
2026-01-16 21:20:00,23.6 µs
2026-01-16 21:40:00,23.6 µs
2026-01-16 22:00:00,23.6 µs
2026-01-16 22:20:00,23.6 µs
2026-01-16 22:40:00,23.6 µs
2026-01-16 23:00:00,23.6 µs
2026-01-16 23:20:00,23.6 µs
2026-01-16 23:40:00,23.6 µs
2026-01-17 00:00:00,23.6 µs
2026-01-17 00:20:00,23.6 µs
2026-01-17 00:40:00,23.6 µs
2026-01-17 01:00:00,23.6 µs
2026-01-17 01:20:00,23.6 µs
2026-01-17 01:40:00,23.6 µs
2026-01-17 02:00:00,23.6 µs
2026-01-17 02:20:00,23.6 µs
2026-01-17 02:40:00,23.6 µs
2026-01-17 03:00:00,23.6 µs
2026-01-17 03:20:00,23.6 µs
2026-01-17 03:40:00,23.6 µs
2026-01-17 04:00:00,23.6 µs
2026-01-17 04:20:00,23.6 µs
2026-01-17 04:40:00,23.6 µs
2026-01-17 05:00:00,23.6 µs
2026-01-17 05:20:00,23.6 µs
2026-01-17 05:40:00,23.6 µs
2026-01-17 06:00:00,23.6 µs
2026-01-17 06:20:00,23.6 µs
2026-01-17 06:40:00,23.6 µs
2026-01-17 07:00:00,23.6 µs
2026-01-17 07:20:00,23.6 µs
2026-01-17 07:40:00,23.6 µs
2026-01-17 08:00:00,23.6 µs
2026-01-17 08:20:00,23.6 µs
2026-01-17 08:40:00,23.6 µs
2026-01-17 09:00:00,23.6 µs
2026-01-17 09:20:00,23.6 µs
2026-01-17 09:40:00,23.6 µs
2026-01-17 10:00:00,23.6 µs
2026-01-17 10:20:00,23.6 µs
2026-01-17 10:40:00,23.6 µs
2026-01-17 11:00:00,23.6 µs
2026-01-17 11:20:00,23.6 µs
2026-01-17 11:40:00,23.6 µs
2026-01-17 12:00:00,23.6 µs
2026-01-17 12:20:00,23.6 µs
2026-01-17 12:40:00,23.6 µs
2026-01-17 13:00:00,23.6 µs
2026-01-17 13:20:00,23.6 µs
2026-01-17 13:40:00,23.6 µs
2026-01-17 14:00:00,23.6 µs
2026-01-17 14:20:00,23.6 µs
2026-01-17 14:40:00,23.6 µs
2026-01-17 15:00:00,23.6 µs
2026-01-17 15:20:00,23.6 µs
2026-01-17 15:40:00,23.6 µs
2026-01-17 16:00:00,23.6 µs
2026-01-17 16:20:00,23.6 µs
2026-01-17 16:40:00,23.6 µs
2026-01-17 17:00:00,23.6 µs
2026-01-17 17:20:00,23.6 µs
2026-01-17 17:40:00,23.6 µs
2026-01-17 18:00:00,23.6 µs
2026-01-17 18:20:00,23.6 µs
2026-01-17 18:40:00,23.6 µs
2026-01-17 19:00:00,23.6 µs
2026-01-17 19:20:00,23.6 µs
2026-01-17 19:40:00,23.6 µs
2026-01-17 20:00:00,23.6 µs
2026-01-17 20:20:00,23.6 µs
2026-01-17 20:40:00,23.6 µs
2026-01-17 21:00:00,23.6 µs
2026-01-17 21:20:00,23.6 µs
2026-01-17 21:40:00,23.6 µs
2026-01-17 22:00:00,23.6 µs
2026-01-17 22:20:00,23.6 µs
2026-01-17 22:40:00,23.6 µs
2026-01-17 23:00:00,23.6 µs
2026-01-17 23:20:00,23.6 µs
2026-01-17 23:40:00,23.6 µs
2026-01-18 00:00:00,23.6 µs
2026-01-18 00:20:00,23.6 µs
2026-01-18 00:40:00,23.6 µs
2026-01-18 01:00:00,23.6 µs
2026-01-18 01:20:00,23.6 µs
2026-01-18 01:40:00,23.6 µs
2026-01-18 02:00:00,23.6 µs
2026-01-18 02:20:00,23.6 µs
2026-01-18 02:40:00,23.6 µs
2026-01-18 03:00:00,23.6 µs
2026-01-18 03:20:00,23.6 µs
2026-01-18 03:40:00,23.6 µs
2026-01-18 04:00:00,23.6 µs
2026-01-18 04:20:00,23.6 µs
2026-01-18 04:40:00,23.6 µs
2026-01-18 05:00:00,23.6 µs
2026-01-18 05:20:00,23.6 µs
2026-01-18 05:40:00,23.6 µs
2026-01-18 06:00:00,23.6 µs
2026-01-18 06:20:00,23.6 µs
2026-01-18 06:40:00,23.6 µs
2026-01-18 07:00:00,23.6 µs
2026-01-18 07:20:00,23.6 µs
2026-01-18 07:40:00,23.6 µs
2026-01-18 08:00:00,23.6 µs
2026-01-18 08:20:00,23.6 µs
2026-01-18 08:40:00,23.6 µs
2026-01-18 09:00:00,23.6 µs
2026-01-18 09:20:00,23.6 µs
2026-01-18 09:40:00,23.6 µs
2026-01-18 10:00:00,23.6 µs
2026-01-18 10:20:00,23.6 µs
2026-01-18 10:40:00,23.6 µs
2026-01-18 11:00:00,23.6 µs
2026-01-18 11:20:00,23.6 µs
2026-01-18 11:40:00,23.6 µs
2026-01-18 12:00:00,23.6 µs
2026-01-18 12:20:00,23.6 µs
2026-01-18 12:40:00,23.6 µs
2026-01-18 13:00:00,23.6 µs
2026-01-18 13:20:00,23.6 µs
2026-01-18 13:40:00,23.6 µs
2026-01-18 14:00:00,23.6 µs
2026-01-18 14:20:00,23.6 µs
2026-01-18 14:40:00,23.6 µs
2026-01-18 15:00:00,23.6 µs
2026-01-18 15:20:00,23.6 µs
2026-01-18 15:40:00,23.6 µs
2026-01-18 16:00:00,23.6 µs
2026-01-18 16:20:00,23.6 µs
2026-01-18 16:40:00,23.6 µs
2026-01-18 17:00:00,23.6 µs
2026-01-18 17:20:00,23.6 µs
2026-01-18 17:40:00,23.6 µs
2026-01-18 18:00:00,23.6 µs
2026-01-18 18:20:00,23.6 µs
2026-01-18 18:40:00,23.6 µs
2026-01-18 19:00:00,23.6 µs
2026-01-18 19:20:00,23.6 µs
2026-01-18 19:40:00,23.6 µs
2026-01-18 20:00:00,23.6 µs
2026-01-18 20:20:00,23.6 µs
2026-01-18 20:40:00,23.6 µs
2026-01-18 21:00:00,23.6 µs
2026-01-18 21:20:00,23.6 µs
2026-01-18 21:40:00,23.6 µs
2026-01-18 22:00:00,23.6 µs
2026-01-18 22:20:00,23.6 µs
2026-01-18 22:40:00,23.6 µs
2026-01-18 23:00:00,23.6 µs
2026-01-18 23:20:00,23.6 µs
2026-01-18 23:40:00,23.6 µs
2026-01-19 00:00:00,23.6 µs
2026-01-19 00:20:00,23.6 µs
2026-01-19 00:40:00,23.6 µs
2026-01-19 01:00:00,23.6 µs
2026-01-19 01:20:00,23.6 µs
2026-01-19 01:40:00,23.6 µs
2026-01-19 02:00:00,23.6 µs
2026-01-19 02:20:00,23.6 µs
2026-01-19 02:40:00,23.6 µs
2026-01-19 03:00:00,23.6 µs
2026-01-19 03:20:00,23.6 µs
2026-01-19 03:40:00,23.6 µs
2026-01-19 04:00:00,23.6 µs
2026-01-19 04:20:00,23.6 µs
2026-01-19 04:40:00,23.6 µs
2026-01-19 05:00:00,23.6 µs
2026-01-19 05:20:00,23.6 µs
2026-01-19 05:40:00,23.6 µs
2026-01-19 06:00:00,23.6 µs
2026-01-19 06:20:00,23.6 µs
2026-01-19 06:40:00,23.6 µs
2026-01-19 07:00:00,23.6 µs
2026-01-19 07:20:00,23.6 µs
2026-01-19 07:40:00,23.6 µs
2026-01-19 08:00:00,23.6 µs
2026-01-19 08:20:00,23.6 µs
2026-01-19 08:40:00,23.6 µs
2026-01-19 09:00:00,23.6 µs
2026-01-19 09:20:00,23.6 µs
2026-01-19 09:40:00,23.6 µs
2026-01-19 10:00:00,23.6 µs
2026-01-19 10:20:00,23.6 µs
2026-01-19 10:40:00,23.6 µs
2026-01-19 11:00:00,23.6 µs
2026-01-19 11:20:00,23.6 µs
2026-01-19 11:40:00,23.6 µs
2026-01-19 12:00:00,23.6 µs
2026-01-19 12:20:00,23.6 µs
2026-01-19 12:40:00,23.6 µs
2026-01-19 13:00:00,23.6 µs
2026-01-19 13:20:00,23.6 µs
2026-01-19 13:40:00,23.6 µs
2026-01-19 14:00:00,23.6 µs
2026-01-19 14:20:00,23.6 µs
2026-01-19 14:40:00,23.6 µs
2026-01-19 15:00:00,23.6 µs
2026-01-19 15:20:00,23.6 µs
2026-01-19 15:40:00,23.6 µs
2026-01-19 16:00:00,23.6 µs
2026-01-19 16:20:00,23.6 µs
2026-01-19 16:40:00,23.6 µs
2026-01-19 17:00:00,23.6 µs
2026-01-19 17:20:00,23.6 µs
2026-01-19 17:40:00,23.6 µs
2026-01-19 18:00:00,23.6 µs
2026-01-19 18:20:00,23.6 µs
2026-01-19 18:40:00,23.6 µs
2026-01-19 19:00:00,23.6 µs
2026-01-19 19:20:00,23.6 µs
2026-01-19 19:40:00,23.6 µs
2026-01-19 20:00:00,23.6 µs
2026-01-19 20:20:00,23.6 µs
2026-01-19 20:40:00,23.6 µs
2026-01-19 21:00:00,23.6 µs
2026-01-19 21:20:00,23.6 µs
2026-01-19 21:40:00,23.6 µs
2026-01-19 22:00:00,23.6 µs
2026-01-19 22:20:00,23.6 µs
2026-01-19 22:40:00,23.6 µs
2026-01-19 23:00:00,23.6 µs
2026-01-19 23:20:00,23.6 µs
2026-01-19 23:40:00,23.6 µs
2026-01-20 00:00:00,23.6 µs
2026-01-20 00:20:00,23.6 µs
2026-01-20 00:40:00,23.6 µs
2026-01-20 01:00:00,23.6 µs
2026-01-20 01:20:00,23.6 µs
2026-01-20 01:40:00,23.6 µs
2026-01-20 02:00:00,23.6 µs
2026-01-20 02:20:00,23.6 µs
2026-01-20 02:40:00,23.6 µs
2026-01-20 03:00:00,23.6 µs
2026-01-20 03:20:00,23.6 µs
2026-01-20 03:40:00,23.6 µs
2026-01-20 04:00:00,23.6 µs
2026-01-20 04:20:00,23.6 µs
2026-01-20 04:40:00,23.6 µs
2026-01-20 05:00:00,23.6 µs
2026-01-20 05:20:00,23.6 µs
2026-01-20 05:40:00,23.6 µs
2026-01-20 06:00:00,23.6 µs
2026-01-20 06:20:00,23.6 µs
2026-01-20 06:40:00,23.6 µs
2026-01-20 07:00:00,23.6 µs
2026-01-20 07:20:00,23.6 µs
2026-01-20 07:40:00,23.6 µs
2026-01-20 08:00:00,23.6 µs
2026-01-20 08:20:00,23.6 µs
2026-01-20 08:40:00,23.6 µs
2026-01-20 09:00:00,23.6 µs
2026-01-20 09:20:00,23.6 µs
2026-01-20 09:40:00,23.6 µs
2026-01-20 10:00:00,23.6 µs
2026-01-20 10:20:00,23.6 µs
2026-01-20 10:40:00,23.6 µs
2026-01-20 11:00:00,23.6 µs
2026-01-20 11:20:00,23.6 µs
2026-01-20 11:40:00,23.6 µs
2026-01-20 12:00:00,23.6 µs
2026-01-20 12:20:00,23.6 µs
2026-01-20 12:40:00,23.6 µs
2026-01-20 13:00:00,23.6 µs
2026-01-20 13:20:00,23.6 µs
2026-01-20 13:40:00,23.6 µs
2026-01-20 14:00:00,23.6 µs
2026-01-20 14:20:00,23.6 µs
2026-01-20 14:40:00,23.6 µs
2026-01-20 15:00:00,23.6 µs
2026-01-20 15:20:00,23.6 µs
2026-01-20 15:40:00,23.6 µs
2026-01-20 16:00:00,23.6 µs
2026-01-20 16:20:00,23.6 µs
2026-01-20 16:40:00,23.6 µs
2026-01-20 17:00:00,23.6 µs
2026-01-20 17:20:00,23.6 µs
2026-01-20 17:40:00,23.6 µs
2026-01-20 18:00:00,23.6 µs
2026-01-20 18:20:00,23.6 µs
2026-01-20 18:40:00,23.6 µs
2026-01-20 19:00:00,23.6 µs
2026-01-20 19:20:00,23.6 µs
2026-01-20 19:40:00,23.6 µs
2026-01-20 20:00:00,23.6 µs
2026-01-20 20:20:00,23.6 µs
2026-01-20 20:40:00,23.6 µs
2026-01-20 21:00:00,23.6 µs
2026-01-20 21:20:00,23.6 µs
2026-01-20 21:40:00,23.6 µs
2026-01-20 22:00:00,23.6 µs
2026-01-20 22:20:00,23.6 µs
2026-01-20 22:40:00,23.6 µs
2026-01-20 23:00:00,23.6 µs
2026-01-20 23:20:00,23.6 µs
2026-01-20 23:40:00,23.6 µs
2026-01-21 00:00:00,23.6 µs
2026-01-21 00:20:00,23.6 µs
2026-01-21 00:40:00,23.6 µs
2026-01-21 01:00:00,23.6 µs
2026-01-21 01:20:00,23.6 µs
2026-01-21 01:40:00,23.6 µs
2026-01-21 02:00:00,23.6 µs
2026-01-21 02:20:00,23.6 µs
2026-01-21 02:40:00,23.6 µs
2026-01-21 03:00:00,23.6 µs
2026-01-21 03:20:00,23.6 µs
2026-01-21 03:40:00,23.6 µs
2026-01-21 04:00:00,23.6 µs
2026-01-21 04:20:00,23.6 µs
2026-01-21 04:40:00,23.6 µs
2026-01-21 05:00:00,23.6 µs
2026-01-21 05:20:00,23.6 µs
2026-01-21 05:40:00,23.6 µs
2026-01-21 06:00:00,23.6 µs
2026-01-21 06:20:00,23.6 µs
2026-01-21 06:40:00,23.6 µs
2026-01-21 07:00:00,23.6 µs
2026-01-21 07:20:00,23.6 µs
2026-01-21 07:40:00,23.6 µs
2026-01-21 08:00:00,23.6 µs
2026-01-21 08:20:00,23.6 µs
2026-01-21 08:40:00,23.6 µs
2026-01-21 09:00:00,23.6 µs
2026-01-21 09:20:00,23.6 µs
2026-01-21 09:40:00,23.6 µs
2026-01-21 10:00:00,23.6 µs
2026-01-21 10:20:00,23.6 µs
2026-01-21 10:40:00,23.6 µs
2026-01-21 11:00:00,23.6 µs
2026-01-21 11:20:00,23.6 µs
2026-01-21 11:40:00,23.6 µs
2026-01-21 12:00:00,23.6 µs
2026-01-21 12:20:00,23.6 µs
2026-01-21 12:40:00,23.6 µs
2026-01-21 13:00:00,23.6 µs
2026-01-21 13:20:00,23.6 µs
2026-01-21 13:40:00,23.6 µs
2026-01-21 14:00:00,23.6 µs
2026-01-21 14:20:00,23.6 µs
2026-01-21 14:40:00,23.6 µs
2026-01-21 15:00:00,23.6 µs
2026-01-21 15:20:00,23.6 µs
2026-01-21 15:40:00,23.6 µs
2026-01-21 16:00:00,23.6 µs
2026-01-21 16:20:00,23.6 µs
2026-01-21 16:40:00,23.6 µs
2026-01-21 17:00:00,23.6 µs
2026-01-21 17:20:00,23.6 µs
2026-01-21 17:40:00,23.6 µs
2026-01-21 18:00:00,23.6 µs
2026-01-21 18:20:00,23.6 µs
2026-01-21 18:40:00,23.6 µs
2026-01-21 19:00:00,23.6 µs
2026-01-21 19:20:00,23.6 µs
2026-01-21 19:40:00,23.6 µs
2026-01-21 20:00:00,23.6 µs
2026-01-21 20:20:00,23.6 µs
2026-01-21 20:40:00,23.6 µs
2026-01-21 21:00:00,23.6 µs
2026-01-21 21:20:00,23.6 µs
2026-01-21 21:40:00,23.6 µs
2026-01-21 22:00:00,23.6 µs
2026-01-21 22:20:00,23.6 µs
2026-01-21 22:40:00,23.6 µs
2026-01-21 23:00:00,23.6 µs
2026-01-21 23:20:00,23.6 µs
2026-01-21 23:40:00,23.6 µs
2026-01-22 00:00:00,23.6 µs
2026-01-22 00:20:00,23.6 µs
2026-01-22 00:40:00,23.6 µs
2026-01-22 01:00:00,23.6 µs
2026-01-22 01:20:00,23.6 µs
2026-01-22 01:40:00,23.6 µs
2026-01-22 02:00:00,23.6 µs
2026-01-22 02:20:00,23.6 µs
2026-01-22 02:40:00,23.6 µs
2026-01-22 03:00:00,23.6 µs
2026-01-22 03:20:00,23.6 µs
2026-01-22 03:40:00,23.6 µs
2026-01-22 04:00:00,23.6 µs
2026-01-22 04:20:00,23.6 µs
2026-01-22 04:40:00,23.6 µs
2026-01-22 05:00:00,23.6 µs
2026-01-22 05:20:00,23.6 µs
2026-01-22 05:40:00,23.6 µs
2026-01-22 06:00:00,23.6 µs
2026-01-22 06:20:00,23.6 µs
2026-01-22 06:40:00,23.6 µs
2026-01-22 07:00:00,23.6 µs
2026-01-22 07:20:00,23.6 µs
2026-01-22 07:40:00,23.6 µs
2026-01-22 08:00:00,23.6 µs
2026-01-22 08:20:00,23.6 µs
2026-01-22 08:40:00,23.6 µs
2026-01-22 09:00:00,23.6 µs
2026-01-22 09:20:00,23.6 µs
2026-01-22 09:40:00,23.6 µs
2026-01-22 10:00:00,23.6 µs
2026-01-22 10:20:00,23.6 µs
2026-01-22 10:40:00,23.6 µs
2026-01-22 11:00:00,23.6 µs
2026-01-22 11:20:00,23.6 µs
2026-01-22 11:40:00,23.6 µs
2026-01-22 12:00:00,23.6 µs
2026-01-22 12:20:00,23.6 µs
2026-01-22 12:40:00,23.6 µs
2026-01-22 13:00:00,23.6 µs
2026-01-22 13:20:00,23.6 µs
2026-01-22 13:40:00,23.6 µs
2026-01-22 14:00:00,23.6 µs
2026-01-22 14:20:00,23.6 µs
2026-01-22 14:40:00,23.6 µs
2026-01-22 15:00:00,23.6 µs
2026-01-22 15:20:00,23.6 µs
2026-01-22 15:40:00,23.6 µs
2026-01-22 16:00:00,23.6 µs
2026-01-22 16:20:00,23.6 µs
2026-01-22 16:40:00,23.6 µs
2026-01-22 17:00:00,23.6 µs
2026-01-22 17:20:00,23.6 µs
2026-01-22 17:40:00,23.6 µs
2026-01-22 18:00:00,23.6 µs
2026-01-22 18:20:00,23.6 µs
2026-01-22 18:40:00,23.6 µs
2026-01-22 19:00:00,23.6 µs
2026-01-22 19:20:00,23.6 µs
2026-01-22 19:40:00,23.6 µs
2026-01-22 20:00:00,23.6 µs
2026-01-22 20:20:00,23.6 µs
2026-01-22 20:40:00,23.6 µs
2026-01-22 21:00:00,23.6 µs
2026-01-22 21:20:00,23.6 µs
2026-01-22 21:40:00,23.6 µs
2026-01-22 22:00:00,23.6 µs
2026-01-22 22:20:00,23.6 µs
2026-01-22 22:40:00,23.6 µs
2026-01-22 23:00:00,23.6 µs
2026-01-22 23:20:00,23.6 µs
2026-01-22 23:40:00,23.6 µs
2026-01-23 00:00:00,23.6 µs
2026-01-23 00:20:00,23.6 µs
2026-01-23 00:40:00,23.6 µs
2026-01-23 01:00:00,23.6 µs
2026-01-23 01:20:00,23.6 µs
2026-01-23 01:40:00,23.6 µs
2026-01-23 02:00:00,23.6 µs
2026-01-23 02:20:00,23.6 µs
2026-01-23 02:40:00,23.6 µs
2026-01-23 03:00:00,23.6 µs
2026-01-23 03:20:00,23.6 µs
2026-01-23 03:40:00,23.6 µs
2026-01-23 04:00:00,23.6 µs
2026-01-23 04:20:00,23.6 µs
2026-01-23 04:40:00,23.6 µs
2026-01-23 05:00:00,23.6 µs
2026-01-23 05:20:00,23.6 µs
2026-01-23 05:40:00,23.6 µs
2026-01-23 06:00:00,23.6 µs
2026-01-23 06:20:00,23.6 µs
2026-01-23 06:40:00,23.6 µs
2026-01-23 07:00:00,23.6 µs
2026-01-23 07:20:00,23.6 µs
2026-01-23 07:40:00,23.6 µs
2026-01-23 08:00:00,23.6 µs
2026-01-23 08:20:00,23.6 µs
2026-01-23 08:40:00,23.6 µs
2026-01-23 09:00:00,23.6 µs
2026-01-23 09:20:00,23.6 µs
2026-01-23 09:40:00,23.6 µs
2026-01-23 10:00:00,23.6 µs
2026-01-23 10:20:00,23.6 µs
2026-01-23 10:40:00,23.6 µs
2026-01-23 11:00:00,23.6 µs
2026-01-23 11:20:00,23.6 µs
2026-01-23 11:40:00,23.6 µs
2026-01-23 12:00:00,23.6 µs
2026-01-23 12:20:00,23.6 µs
2026-01-23 12:40:00,23.6 µs
2026-01-23 13:00:00,23.6 µs
2026-01-23 13:20:00,23.6 µs
2026-01-23 13:40:00,23.6 µs
2026-01-23 14:00:00,23.6 µs
2026-01-23 14:20:00,23.6 µs
2026-01-23 14:40:00,23.6 µs
2026-01-23 15:00:00,23.6 µs
2026-01-23 15:20:00,23.6 µs
2026-01-23 15:40:00,23.6 µs
2026-01-23 16:00:00,23.6 µs
2026-01-23 16:20:00,23.6 µs
2026-01-23 16:40:00,23.6 µs
2026-01-23 17:00:00,23.6 µs
2026-01-23 17:20:00,23.6 µs
2026-01-23 17:40:00,23.6 µs
2026-01-23 18:00:00,23.6 µs
2026-01-23 18:20:00,23.6 µs
2026-01-23 18:40:00,23.6 µs
2026-01-23 19:00:00,23.6 µs
2026-01-23 19:20:00,23.6 µs
2026-01-23 19:40:00,23.6 µs
2026-01-23 20:00:00,23.6 µs
2026-01-23 20:20:00,23.6 µs
2026-01-23 20:40:00,23.6 µs
2026-01-23 21:00:00,23.6 µs
2026-01-23 21:20:00,23.6 µs
2026-01-23 21:40:00,23.6 µs
2026-01-23 22:00:00,23.6 µs
2026-01-23 22:20:00,23.6 µs
2026-01-23 22:40:00,23.6 µs
2026-01-23 23:00:00,23.6 µs
2026-01-23 23:20:00,23.6 µs
2026-01-23 23:40:00,23.6 µs
2026-01-24 00:00:00,23.6 µs
2026-01-24 00:20:00,23.6 µs
2026-01-24 00:40:00,23.6 µs
2026-01-24 01:00:00,23.6 µs
2026-01-24 01:20:00,23.6 µs
2026-01-24 01:40:00,23.6 µs
2026-01-24 02:00:00,23.6 µs
2026-01-24 02:20:00,23.6 µs
2026-01-24 02:40:00,23.6 µs
2026-01-24 03:00:00,23.6 µs
2026-01-24 03:20:00,23.6 µs
2026-01-24 03:40:00,23.6 µs
2026-01-24 04:00:00,23.6 µs
2026-01-24 04:20:00,23.6 µs
2026-01-24 04:40:00,23.6 µs
2026-01-24 05:00:00,23.6 µs
2026-01-24 05:20:00,23.6 µs
2026-01-24 05:40:00,23.6 µs
2026-01-24 06:00:00,23.6 µs
2026-01-24 06:20:00,23.6 µs
2026-01-24 06:40:00,23.6 µs
2026-01-24 07:00:00,23.6 µs
2026-01-24 07:20:00,23.6 µs
2026-01-24 07:40:00,23.6 µs
2026-01-24 08:00:00,23.6 µs
2026-01-24 08:20:00,23.6 µs
2026-01-24 08:40:00,23.6 µs
2026-01-24 09:00:00,23.6 µs
2026-01-24 09:20:00,23.6 µs
2026-01-24 09:40:00,23.6 µs
2026-01-24 10:00:00,23.6 µs
2026-01-24 10:20:00,23.6 µs
2026-01-24 10:40:00,23.6 µs
2026-01-24 11:00:00,23.6 µs
2026-01-24 11:20:00,23.6 µs
2026-01-24 11:40:00,23.6 µs
2026-01-24 12:00:00,23.6 µs
2026-01-24 12:20:00,23.6 µs
2026-01-24 12:40:00,23.6 µs
2026-01-24 13:00:00,23.6 µs
2026-01-24 13:20:00,23.6 µs
2026-01-24 13:40:00,23.6 µs
2026-01-24 14:00:00,23.6 µs
2026-01-24 14:20:00,23.6 µs
2026-01-24 14:40:00,23.6 µs
2026-01-24 15:00:00,23.6 µs
2026-01-24 15:20:00,23.6 µs
2026-01-24 15:40:00,23.6 µs
2026-01-24 16:00:00,23.6 µs
2026-01-24 16:20:00,23.6 µs
2026-01-24 16:40:00,23.6 µs
2026-01-24 17:00:00,23.6 µs
2026-01-24 17:20:00,23.6 µs
2026-01-24 17:40:00,23.6 µs
2026-01-24 18:00:00,23.6 µs
2026-01-24 18:20:00,23.6 µs
2026-01-24 18:40:00,23.6 µs
2026-01-24 19:00:00,23.6 µs
2026-01-24 19:20:00,23.6 µs
2026-01-24 19:40:00,23.6 µs
2026-01-24 20:00:00,23.6 µs
2026-01-24 20:20:00,23.6 µs
2026-01-24 20:40:00,23.6 µs
2026-01-24 21:00:00,23.6 µs
2026-01-24 21:20:00,23.6 µs
2026-01-24 21:40:00,23.6 µs
2026-01-24 22:00:00,23.6 µs
2026-01-24 22:20:00,23.6 µs
2026-01-24 22:40:00,23.6 µs
2026-01-24 23:00:00,23.6 µs
2026-01-24 23:20:00,23.6 µs
2026-01-24 23:40:00,23.6 µs
2026-01-25 00:00:00,23.6 µs
2026-01-25 00:20:00,23.6 µs
2026-01-25 00:40:00,23.6 µs
2026-01-25 01:00:00,23.6 µs
2026-01-25 01:20:00,23.6 µs
2026-01-25 01:40:00,23.6 µs
2026-01-25 02:00:00,23.6 µs
2026-01-25 02:20:00,23.6 µs
2026-01-25 02:40:00,23.6 µs
2026-01-25 03:00:00,23.6 µs
2026-01-25 03:20:00,23.6 µs
2026-01-25 03:40:00,23.6 µs
2026-01-25 04:00:00,23.6 µs
2026-01-25 04:20:00,23.6 µs
2026-01-25 04:40:00,23.6 µs
2026-01-25 05:00:00,23.6 µs
2026-01-25 05:20:00,23.6 µs
2026-01-25 05:40:00,23.6 µs
2026-01-25 06:00:00,23.6 µs
2026-01-25 06:20:00,23.6 µs
2026-01-25 06:40:00,23.6 µs
2026-01-25 07:00:00,23.6 µs
2026-01-25 07:20:00,23.6 µs
2026-01-25 07:40:00,23.6 µs
2026-01-25 08:00:00,23.6 µs
2026-01-25 08:20:00,23.6 µs
2026-01-25 08:40:00,23.6 µs
2026-01-25 09:00:00,23.6 µs
2026-01-25 09:20:00,23.6 µs
2026-01-25 09:40:00,23.6 µs
2026-01-25 10:00:00,23.6 µs
2026-01-25 10:20:00,23.6 µs
2026-01-25 10:40:00,23.6 µs
2026-01-25 11:00:00,23.6 µs
2026-01-25 11:20:00,23.6 µs
2026-01-25 11:40:00,23.6 µs
2026-01-25 12:00:00,23.6 µs
2026-01-25 12:20:00,23.6 µs
2026-01-25 12:40:00,23.6 µs
2026-01-25 13:00:00,23.6 µs
2026-01-25 13:20:00,23.6 µs
2026-01-25 13:40:00,23.6 µs
2026-01-25 14:00:00,23.6 µs
2026-01-25 14:20:00,23.6 µs
2026-01-25 14:40:00,23.6 µs
2026-01-25 15:00:00,23.6 µs
2026-01-25 15:20:00,23.6 µs
2026-01-25 15:40:00,23.6 µs
2026-01-25 16:00:00,23.6 µs
2026-01-25 16:20:00,23.6 µs
2026-01-25 16:40:00,23.6 µs
2026-01-25 17:00:00,23.6 µs
2026-01-25 17:20:00,23.6 µs
2026-01-25 17:40:00,23.6 µs
2026-01-25 18:00:00,23.6 µs
2026-01-25 18:20:00,23.6 µs
2026-01-25 18:40:00,23.6 µs
2026-01-25 19:00:00,23.6 µs
2026-01-25 19:20:00,23.6 µs
2026-01-25 19:40:00,23.6 µs
2026-01-25 20:00:00,23.6 µs
2026-01-25 20:20:00,23.6 µs
2026-01-25 20:40:00,23.6 µs
2026-01-25 21:00:00,23.6 µs
2026-01-25 21:20:00,23.6 µs
2026-01-25 21:40:00,23.6 µs
2026-01-25 22:00:00,23.6 µs
2026-01-25 22:20:00,23.6 µs
2026-01-25 22:40:00,23.6 µs
2026-01-25 23:00:00,23.6 µs
2026-01-25 23:20:00,23.6 µs
2026-01-25 23:40:00,23.6 µs
2026-01-26 00:00:00,23.6 µs
2026-01-26 00:20:00,23.6 µs
2026-01-26 00:40:00,23.6 µs
2026-01-26 01:00:00,23.6 µs
2026-01-26 01:20:00,23.6 µs
2026-01-26 01:40:00,23.6 µs
2026-01-26 02:00:00,23.6 µs
2026-01-26 02:20:00,23.6 µs
2026-01-26 02:40:00,23.6 µs
2026-01-26 03:00:00,23.6 µs
2026-01-26 03:20:00,23.6 µs
2026-01-26 03:40:00,23.6 µs
2026-01-26 04:00:00,23.6 µs
2026-01-26 04:20:00,23.6 µs
2026-01-26 04:40:00,23.6 µs
2026-01-26 05:00:00,23.6 µs
2026-01-26 05:20:00,23.6 µs
2026-01-26 05:40:00,23.6 µs
2026-01-26 06:00:00,23.6 µs
2026-01-26 06:20:00,23.6 µs
2026-01-26 06:40:00,23.6 µs
2026-01-26 07:00:00,23.6 µs
2026-01-26 07:20:00,23.6 µs
2026-01-26 07:40:00,23.6 µs
2026-01-26 08:00:00,23.6 µs
2026-01-26 08:20:00,23.6 µs
2026-01-26 08:40:00,23.6 µs
2026-01-26 09:00:00,23.6 µs
2026-01-26 09:20:00,23.6 µs
2026-01-26 09:40:00,23.6 µs
2026-01-26 10:00:00,23.6 µs
2026-01-26 10:20:00,23.6 µs
2026-01-26 10:40:00,23.6 µs
2026-01-26 11:00:00,23.6 µs
2026-01-26 11:20:00,23.6 µs
2026-01-26 11:40:00,23.6 µs
2026-01-26 12:00:00,23.6 µs
2026-01-26 12:20:00,23.6 µs
2026-01-26 12:40:00,23.6 µs
2026-01-26 13:00:00,23.6 µs
2026-01-26 13:20:00,23.6 µs
2026-01-26 13:40:00,23.6 µs
2026-01-26 14:00:00,23.6 µs
2026-01-26 14:20:00,23.6 µs
2026-01-26 14:40:00,23.6 µs
2026-01-26 15:00:00,23.6 µs
2026-01-26 15:20:00,23.6 µs
2026-01-26 15:40:00,23.6 µs
2026-01-26 16:00:00,23.6 µs
2026-01-26 16:20:00,23.6 µs
2026-01-26 16:40:00,23.6 µs
2026-01-26 17:00:00,23.6 µs
2026-01-26 17:20:00,23.6 µs
2026-01-26 17:40:00,23.6 µs
2026-01-26 18:00:00,23.6 µs
2026-01-26 18:20:00,23.6 µs
2026-01-26 18:40:00,23.6 µs
2026-01-26 19:00:00,23.6 µs
2026-01-26 19:20:00,23.6 µs
2026-01-26 19:40:00,23.6 µs
2026-01-26 20:00:00,23.6 µs
2026-01-26 20:20:00,23.6 µs
2026-01-26 20:40:00,23.6 µs
2026-01-26 21:00:00,23.6 µs
2026-01-26 21:20:00,23.6 µs
2026-01-26 21:40:00,23.6 µs
2026-01-26 22:00:00,23.6 µs
2026-01-26 22:20:00,23.6 µs
2026-01-26 22:40:00,23.6 µs
2026-01-26 23:00:00,23.6 µs
2026-01-26 23:20:00,23.6 µs
2026-01-26 23:40:00,23.6 µs
2026-01-27 00:00:00,23.6 µs
2026-01-27 00:20:00,23.6 µs
2026-01-27 00:40:00,23.6 µs
2026-01-27 01:00:00,23.6 µs
2026-01-27 01:20:00,23.6 µs
2026-01-27 01:40:00,23.6 µs
2026-01-27 02:00:00,23.6 µs
2026-01-27 02:20:00,23.6 µs
2026-01-27 02:40:00,23.6 µs
2026-01-27 03:00:00,23.6 µs
2026-01-27 03:20:00,23.6 µs
2026-01-27 03:40:00,23.6 µs
2026-01-27 04:00:00,23.6 µs
2026-01-27 04:20:00,23.6 µs
2026-01-27 04:40:00,23.6 µs
2026-01-27 05:00:00,23.6 µs
2026-01-27 05:20:00,23.6 µs
2026-01-27 05:40:00,23.6 µs
2026-01-27 06:00:00,23.6 µs
2026-01-27 06:20:00,23.6 µs
2026-01-27 06:40:00,23.6 µs
2026-01-27 07:00:00,23.6 µs
2026-01-27 07:20:00,23.6 µs
2026-01-27 07:40:00,23.6 µs
2026-01-27 08:00:00,23.6 µs
2026-01-27 08:20:00,23.6 µs
2026-01-27 08:40:00,23.6 µs
2026-01-27 09:00:00,23.6 µs
2026-01-27 09:20:00,23.6 µs
2026-01-27 09:40:00,23.6 µs
2026-01-27 10:00:00,23.6 µs
2026-01-27 10:20:00,23.6 µs
2026-01-27 10:40:00,23.6 µs
2026-01-27 11:00:00,23.6 µs
2026-01-27 11:20:00,23.6 µs
2026-01-27 11:40:00,23.6 µs
2026-01-27 12:00:00,23.6 µs
2026-01-27 12:20:00,23.6 µs
2026-01-27 12:40:00,23.6 µs
2026-01-27 13:00:00,23.6 µs
2026-01-27 13:20:00,23.6 µs
2026-01-27 13:40:00,23.6 µs
2026-01-27 14:00:00,23.6 µs
2026-01-27 14:20:00,23.6 µs
2026-01-27 14:40:00,23.6 µs
2026-01-27 15:00:00,23.6 µs
2026-01-27 15:20:00,23.6 µs
2026-01-27 15:40:00,23.6 µs
2026-01-27 16:00:00,23.6 µs
2026-01-27 16:20:00,23.6 µs
2026-01-27 16:40:00,23.6 µs
2026-01-27 17:00:00,23.6 µs
2026-01-27 17:20:00,23.6 µs
2026-01-27 17:40:00,23.6 µs
2026-01-27 18:00:00,23.6 µs
2026-01-27 18:20:00,23.6 µs
2026-01-27 18:40:00,23.6 µs
2026-01-27 19:00:00,23.6 µs
2026-01-27 19:20:00,23.6 µs
2026-01-27 19:40:00,23.6 µs
2026-01-27 20:00:00,23.6 µs
2026-01-27 20:20:00,23.6 µs
2026-01-27 20:40:00,23.6 µs
2026-01-27 21:00:00,23.6 µs
2026-01-27 21:20:00,23.6 µs
2026-01-27 21:40:00,23.6 µs
2026-01-27 22:00:00,23.6 µs
2026-01-27 22:20:00,23.6 µs
2026-01-27 22:40:00,23.6 µs
2026-01-27 23:00:00,23.6 µs
2026-01-27 23:20:00,23.6 µs
2026-01-27 23:40:00,23.6 µs
2026-01-28 00:00:00,23.6 µs
2026-01-28 00:20:00,23.6 µs
2026-01-28 00:40:00,23.6 µs
2026-01-28 01:00:00,23.6 µs
2026-01-28 01:20:00,23.6 µs
2026-01-28 01:40:00,23.6 µs
2026-01-28 02:00:00,23.6 µs
2026-01-28 02:20:00,23.6 µs
2026-01-28 02:40:00,23.6 µs
2026-01-28 03:00:00,23.6 µs
2026-01-28 03:20:00,23.6 µs
2026-01-28 03:40:00,23.6 µs
2026-01-28 04:00:00,23.6 µs
2026-01-28 04:20:00,23.6 µs
2026-01-28 04:40:00,23.6 µs
2026-01-28 05:00:00,23.6 µs
2026-01-28 05:20:00,23.6 µs
2026-01-28 05:40:00,23.6 µs
2026-01-28 06:00:00,23.6 µs
2026-01-28 06:20:00,23.6 µs
2026-01-28 06:40:00,23.6 µs
2026-01-28 07:00:00,23.6 µs
2026-01-28 07:20:00,23.6 µs
2026-01-28 07:40:00,23.6 µs
2026-01-28 08:00:00,23.6 µs
2026-01-28 08:20:00,23.6 µs
2026-01-28 08:40:00,23.6 µs
2026-01-28 09:00:00,23.6 µs
2026-01-28 09:20:00,23.6 µs
2026-01-28 09:40:00,23.6 µs
2026-01-28 10:00:00,23.6 µs
2026-01-28 10:20:00,23.6 µs
2026-01-28 10:40:00,23.6 µs
2026-01-28 11:00:00,23.6 µs
2026-01-28 11:20:00,23.6 µs
2026-01-28 11:40:00,23.6 µs
2026-01-28 12:00:00,23.6 µs
2026-01-28 12:20:00,23.6 µs